name,price
William Lawson's Finest Blend Whiskey 75cl x1,"₦ 3,790"
Jameson Irish Whiskey 70cl - Valued Added Pack,"₦ 10,741"
Royal Standard Blended Whisky 700ml X 1,"₦ 1,036"
Dewar's White Label Blended Scotch Whisky 75cl x1,"₦ 5,824"
Whiskey Flask Cig Case Drinking Liquors Alcohol Hip Flask,"₦ 4,450"
Hennessy Original Hennessy VSOP Privilege Cognac – 70CL X12,"₦ 199,500"
Glenfiddich 21  Years Whisky 70cl X 3 Bottles,"₦ 350,000"
Old Smuggler Blended Scotch Whisky,"₦ 3,900"
Hennessy VSOP Privilege Cognac – 70CL X12,"₦ 266,000 - ₦ 456,000"
Hennessy Original Hennessy VSOP Privilege Cognac – 70CL X12,"₦ 209,000"
Ralph Premium Whisky 75cl 12Years,"₦ 7,300 - ₦ 30,000"
Jack Daniel'S Tennessee Whiskey Honey - 70cl,"₦ 9,180"
Johnnie Walker Double Black Blended Scotch Whisky - 1 Litre,"₦ 27,390"
Jameson Black Barrel Irish Whiskey,"₦ 14,000"
QUALITY Cccp  Hip Flask Alcohol Whiskey Bottle,"₦ 5,300"
Radico 8PM Grain Blended Whisky-750ml,"₦ 3,695"
The Glenlivet Single Malt Whiskey 25YO 70cl,"₦ 179,547"
Radico 8PM Grain Blended Whisky-750ml,"₦ 3,339"
Glenfiddich 18 YEAR OLD WHISKEY 70 CL X 6 BOTTLES,"₦ 200,000"
Johnnie Walker Red Label Blended Scotch Whiskey - 70cl,"₦ 8,200"
Glenfiddich Single Malt Scotch Whiskey - 18 Yrs,"₦ 47,750"
Hennessy VSOP – 70CL,"₦ 55,000"
Hip Flask Alcohol Whiskey Bottle,"₦ 4,700"
Johnnie Walker RED LABEL Blended Scotch Whisky 70cl - 12 BOTTLES,"₦ 75,000"
Chivas Regal Scotch Whiskey 12YO 37.5cl,"₦ 6,690"
Radico 8PM TIN Grain Blended Whisky With Glass Cup,"₦ 5,500 - ₦ 36,000"
William Lawson's No Rules Great Scotch Whisky - 6 BOTTLES,"₦ 29,000"
Jack Daniel'S SPIRIT DRINK OLD 7  70cl,"₦ 11,999"
Jameson Irish Whiskey 700ml X 1 Bottle,"₦ 11,000"
"Glenfiddich 18 YEAR OLD WHISKEY, 70 CL","₦ 60,000"
Glenfiddich 12 YEAR OLD WHISKEY 70 CL,"₦ 23,500"
Whiskyy Flask Cig Case Drinking Alcohol Hip Flask,"₦ 4,450"
Hot/cold Flask Thermal Hot Water RED,"₦ 5,000"
Best Original Best Classic Whiskey,"₦ 2,950"
Royal Circle Premium Whiskey,"₦ 3,100"
Glenfiddich 15 Yr Old Scotch Whiskey,"₦ 34,000"
Cccp Pocket Hip Flask Alcohol Whiskey Bottle,"₦ 4,300"
Johnnie Walker Red Label Blended Scotch Whiskey - 70cl,"₦ 8,000 - ₦ 13,500"
Johnnie Walker Red Label Whisky 70cl - 6 BOTTLES,"₦ 38,000"
Wild Turkey 81 Kentucky Straight Bourbon Whiskey - 750ml,"₦ 7,400"
,
,
,
,
,
,
,
,
